{
  "per_kind": {
    "Deployment": {
      "count": 1204,
      "total_bytes": 1301458,
      "utf8_loss": 99477.77155017853,
      "tct_loss": 102452.1392211914,
      "utf8_bpb": 0.11027331477014839,
      "tct_bpb": 0.11357046726277645,
      "diff_pct": 2.989982208751576
    },
    "Service": {
      "count": 780,
      "total_bytes": 221208,
      "utf8_loss": 26211.879222393036,
      "tct_loss": 25391.759435653687,
      "utf8_bpb": 0.17095108751277935,
      "tct_bpb": 0.16560235351914543,
      "diff_pct": -3.1288095743959965
    },
    "Pod": {
      "count": 564,
      "total_bytes": 202050,
      "utf8_loss": 26695.888506889343,
      "tct_loss": 26608.835067749023,
      "utf8_bpb": 0.19061631260091033,
      "tct_bpb": 0.18999472603847495,
      "diff_pct": -0.3260930578049671
    },
    "ConfigMap": {
      "count": 421,
      "total_bytes": 424400,
      "utf8_loss": 78474.88107681274,
      "tct_loss": 81540.97168445587,
      "utf8_bpb": 0.266765602648136,
      "tct_bpb": 0.27718839650902893,
      "diff_pct": 3.9070981256307724
    },
    "ClusterRole": {
      "count": 258,
      "total_bytes": 149820,
      "utf8_loss": 8800.744408607483,
      "tct_loss": 9106.587306976318,
      "utf8_bpb": 0.08474696512100714,
      "tct_bpb": 0.08769208615136241,
      "diff_pct": 3.475193508286741
    },
    "PersistentVolumeClaim": {
      "count": 201,
      "total_bytes": 47808,
      "utf8_loss": 6273.25550365448,
      "tct_loss": 5776.527294158936,
      "utf8_bpb": 0.18930711607579725,
      "tct_bpb": 0.17431742136970463,
      "diff_pct": -7.91818871726452
    },
    "Namespace": {
      "count": 188,
      "total_bytes": 30648,
      "utf8_loss": 4703.287130355835,
      "tct_loss": 4327.317943572998,
      "utf8_bpb": 0.22139810163277368,
      "tct_bpb": 0.20370008279635188,
      "diff_pct": -7.993753652764815
    },
    "ServiceAccount": {
      "count": 157,
      "total_bytes": 32169,
      "utf8_loss": 3604.45334815979,
      "tct_loss": 3310.3301548957825,
      "utf8_bpb": 0.16165025243264478,
      "tct_bpb": 0.1484596008011856,
      "diff_pct": -8.159994452811246
    },
    "Secret": {
      "count": 146,
      "total_bytes": 54252,
      "utf8_loss": 25044.549040794373,
      "tct_loss": 25527.35226726532,
      "utf8_bpb": 0.6659965845029583,
      "tct_bpb": 0.6788355180087244,
      "diff_pct": 1.9277776800233903
    },
    "Job": {
      "count": 137,
      "total_bytes": 118233,
      "utf8_loss": 16430.93918132782,
      "tct_loss": 16528.442417144775,
      "utf8_bpb": 0.2004925399342807,
      "tct_bpb": 0.20168228759173462,
      "diff_pct": 0.5934124321253559
    },
    "DaemonSet": {
      "count": 123,
      "total_bytes": 212275,
      "utf8_loss": 11374.819020271301,
      "tct_loss": 11312.287355422974,
      "utf8_bpb": 0.0773072429233535,
      "tct_bpb": 0.0768822558887276,
      "diff_pct": -0.5497376682379628
    },
    "ClusterRoleBinding": {
      "count": 114,
      "total_bytes": 44133,
      "utf8_loss": 3062.183479309082,
      "tct_loss": 2798.203185081482,
      "utf8_bpb": 0.10010189472483912,
      "tct_bpb": 0.09147245504535736,
      "diff_pct": -8.620655686091082
    },
    "RoleBinding": {
      "count": 101,
      "total_bytes": 35287,
      "utf8_loss": 2605.3273000717163,
      "tct_loss": 2361.2824935913086,
      "utf8_bpb": 0.1065177763965794,
      "tct_bpb": 0.09654010099022604,
      "diff_pct": -9.36714578907955
    },
    "Ingress": {
      "count": 99,
      "total_bytes": 52163,
      "utf8_loss": 5845.994251251221,
      "tct_loss": 5657.40949344635,
      "utf8_bpb": 0.16168523503911825,
      "tct_bpb": 0.15646946342183524,
      "diff_pct": -3.225879973530733
    },
    "PersistentVolume": {
      "count": 72,
      "total_bytes": 23858,
      "utf8_loss": 3765.8235874176025,
      "tct_loss": 3518.594799041748,
      "utf8_bpb": 0.22771963343239424,
      "tct_bpb": 0.21276969014482477,
      "diff_pct": -6.565065586234498
    },
    "ReplicationController": {
      "count": 66,
      "total_bytes": 48544,
      "utf8_loss": 5144.254093170166,
      "tct_loss": 5066.203419685364,
      "utf8_bpb": 0.15288377285121435,
      "tct_bpb": 0.1505641593135049,
      "diff_pct": -1.517239857736173
    },
    "StatefulSet": {
      "count": 66,
      "total_bytes": 100323,
      "utf8_loss": 7542.463147163391,
      "tct_loss": 7603.898134231567,
      "utf8_bpb": 0.10846440176729552,
      "tct_bpb": 0.1093478676841873,
      "diff_pct": 0.8145215411663015
    },
    "Role": {
      "count": 57,
      "total_bytes": 35590,
      "utf8_loss": 2862.0019578933716,
      "tct_loss": 3012.210973739624,
      "utf8_bpb": 0.11601562325561313,
      "tct_bpb": 0.12210457527185928,
      "diff_pct": 5.248389695610719
    },
    "StorageClass": {
      "count": 56,
      "total_bytes": 17433,
      "utf8_loss": 2376.7795419692993,
      "tct_loss": 2209.6397409439087,
      "utf8_bpb": 0.19669408928385532,
      "tct_bpb": 0.18286217497911725,
      "diff_pct": -7.032196216520164
    },
    "CustomResourceDefinition": {
      "count": 50,
      "total_bytes": 106034,
      "utf8_loss": 10531.169576644897,
      "tct_loss": 10644.00617980957,
      "utf8_bpb": 0.14328673937592015,
      "tct_bpb": 0.14482199040687654,
      "diff_pct": 1.0714536722959278
    },
    "NetworkPolicy": {
      "count": 35,
      "total_bytes": 12578,
      "utf8_loss": 1702.7380599975586,
      "tct_loss": 1724.3018164634705,
      "utf8_bpb": 0.19530384441814055,
      "tct_bpb": 0.19777720461183657,
      "diff_pct": 1.2664165424212595
    },
    "ResourceQuota": {
      "count": 22,
      "total_bytes": 3729,
      "utf8_loss": 495.0376224517822,
      "tct_loss": 393.9471917152405,
      "utf8_bpb": 0.19152274683954124,
      "tct_bpb": 0.15241235179933257,
      "diff_pct": -20.420757161015217
    },
    "LimitRange": {
      "count": 19,
      "total_bytes": 4469,
      "utf8_loss": 446.5412187576294,
      "tct_loss": 343.56286334991455,
      "utf8_bpb": 0.14415368132784642,
      "tct_bpb": 0.1109099215011265,
      "diff_pct": -23.061332544892956
    },
    "ReplicaSet": {
      "count": 18,
      "total_bytes": 9254,
      "utf8_loss": 784.1034727096558,
      "tct_loss": 758.2285242080688,
      "utf8_bpb": 0.1222414298273217,
      "tct_bpb": 0.11820753530749278,
      "diff_pct": -3.2999405565913245
    },
    "CronJob": {
      "count": 11,
      "total_bytes": 8121,
      "utf8_loss": 1336.6035995483398,
      "tct_loss": 1310.858066558838,
      "utf8_bpb": 0.23744752920856152,
      "tct_bpb": 0.2328738372040057,
      "diff_pct": -1.9261906071629518
    }
  },
  "summary": {
    "tct_wins": 16,
    "utf8_wins": 9,
    "weighted_utf8_bpb": 0.15565483457017487,
    "weighted_tct_bpb": 0.15727068396040003,
    "weighted_diff_pct": 1.0380977851970774,
    "stratified_utf8_bpb": 0.1817417407161212,
    "stratified_tct_bpb": 0.17588234094475197,
    "stratified_diff_pct": -3.2240253385277944
  }
}